restaurant_name,name,rating,review
Martabak Rizky Moro Sekaran,falakhul auliya,5.0,Yummy
Martabak Rizky Moro Sekaran,bahrudin yusuf,5.0,"(Translated by Google) This is one of the delicious martabak in the UNNES area... The price is very suitable for the pocket... Please, enjoy tasting... Tks... (Original) Ini salah satu martabak yg enak di daerah UNNES sih... Harga sesuai banget sama kantong... Monggoh, selamat mencicipi... Tks..."
Martabak Rizky Moro Sekaran,irkhamudin Pandhawa,5.0,"(Translated by Google) Martabak egg and sweet martabak are here. It also tastes good. Various topings for sweet martabak. Starting from meses, chocolate, beans, bananas, and a combination of various topings. Prices are also not too expensive, still affordable for students. Can be purchased via gojek with the go food application. (Original) Martabak telor dan martabak manis ada disini. Rasanya juga enak sekali. Aneka toping untuk martabak manis. Mulai dari meses, coklat, kacang, pisang, dan kombinasi dari berbagai toping. Harga juga tidak terlalu mahal, masih terjangkau untuk kalangan mahasiswa. Bisa dibeli via gojek dengan aplikasi go food."
Martabak Rizky Moro Sekaran,A R,5.0,(Translated by Google) Sweet martabak and eggs taste great. For those who feel like the solution is here (Original) Martabak manis dan telur rasanya mantap. Bagi yang nyaru rasa disini solusinya
Martabak Rizky Moro Sekaran,Sismono Gbs,5.0,"(Translated by Google) Available at shopeefood, grabdfood ..has a special taste from other martabak (Original) Tersedia di shopeefood, grabdfood ..mempunyai cita rasa yang khas daripda martabak yang lain"
Martabak Rizky Moro Sekaran,Aulia Niken,5.0,"(Translated by Google) Many choices of martabak taste, delicious, and cheap (Original) Banyak pilihan rasa martabaknya, enak, dan murah"
Martabak Rizky Moro Sekaran,Desy Widya Irawati,4.0,"(Translated by Google) The martabak is delicious, the price is pretty good, before the night the queue is already very crowded (Original) Martabaknya enak, harga lumayan, menjelang malam antrian udah rame bgt"
Martabak Rizky Moro Sekaran,agus asnafi,5.0,"(Translated by Google) this martabak is delicious. If you eat it hot, it's even better. This martabak is now close to the main road of Unnes. jos is the point.. (Original) enak ini martabaknya. kalau dimakan anget lebih enak lagi. martabak ini ada sekaran dekat dengan jalan utama unnes. jos lah pokoknya.."
Martabak Rizky Moro Sekaran,Daniel Tambunan,1.0,"(Translated by Google) It's bad, after selling, it's just so original. The service is lacking, but if you are a girl, your eyes are immediately healthy to serve. (Original) Payah, setelah laris malah asal jadi. Pelayanannya kurang, tapi kalo ama cewekkk mata nya langsung sehat buat layani."
Martabak Rizky Moro Sekaran,Maulana Adi P,5.0,(Translated by Google) Available Martabak eggs and Bandung cakes with various choices of flavors. (Original) Tersedia martabak telur dan kue bandung dengan aneka pilihan rasa.
Martabak Rizky Moro Sekaran,Alief Noor Farida,5.0,(Translated by Google) The taste of Bandung's cake is different from other merchants ... Really (Original) Rasa kue bandungnya beda sama pedagang yg lain... Enaaaak banget
Martabak Rizky Moro Sekaran,Iin Luthfiyati,5.0,"(Translated by Google) The martabak is delicious, the side of the road is easy to find (Original) Martabaknya enak,pinggir jalan jadi mudah di temukan"
Martabak Rizky Moro Sekaran,Wahyu uswatun khasanah,5.0,"(Translated by Google) The choice of martabak tastes great, it's cheap too (Original) Martabaknya enak pilihan rasanya banyak, murah juga"
Martabak Rizky Moro Sekaran,Konveksi Semarang Clothink,5.0,(Translated by Google) The Bandung Chocolate Cheese Cake is really good :d (Original) Kue bandung coklat keju nya joss banget :d
Martabak Rizky Moro Sekaran,GALIH AGLO,5.0,(Translated by Google) Best in sweet martabak flavors and variants (Original) Terbaik dalam rasa dan varian martabak manis
Martabak Rizky Moro Sekaran,Ham zah,5.0,(Translated by Google) Delicious martabak(Original)Martabak yg enak
Martabak Rizky Moro Sekaran,honey fiara,5.0,(Translated by Google) It's cheap but it's not cheap ...(Original)Enak murah tp ga murahan...
Martabak Rizky Moro Sekaran,eddy sudarto,3.0,(Translated by Google) A stable / good taste(Original)Rasa stabil/enak
Martabak Rizky Moro Sekaran,Siti Muaisah,4.0,"(Translated by Google) Delicious taste, friendly prices ğŸ˜ƒ. (Original) Rasa nikmat, harga bersahabat ğŸ˜ƒ."
Martabak Rizky Moro Sekaran,Ludi Arianto,3.0,"(Translated by Google) 3 stars first, just try it.(Original)3 bintang dulu ya, baru coba."
Martabak Rizky Moro Sekaran,Lasan Nabihi,4.0,(Translated by Google) Yes come in(Original)Ya masuk
Martabak Rizky Moro Sekaran,Mia Amalia,4.0,(Translated by Google) Nice(Original)Enak
Martabak Rizky Moro Sekaran,Yusuf Hafidin,5.0,(Translated by Google) Nice(Original)Enak
Martabak Rizky Moro Sekaran,MWUEHEHEHE,4.0,(Translated by Google) Ouch(Original)Uhuy
Martabak Rizky Moro Sekaran,Pinussa abdi,5.0,(Translated by Google) delicious(Original)Uenak
Martabak Rizky Moro Sekaran,tika oktaviani,5.0,(Translated by Google) The best in unnes(Original)Terenak di unnes ğŸ‘Œ
Martabak Rizky Moro Sekaran,tehahay production,5.0,(Translated by Google) steady soul(Original)mantap jiwa
Martabak Rizky Moro Sekaran,paguyuban_ pegasus,5.0,(Translated by Google) cheap price(Original)harga murah
Martabak Rizky Moro Sekaran,Dinda Huwaidaa,5.0,(Translated by Google) aaaakkkk(Original)Enaaaakkkkk
Martabak Rizky Moro Sekaran,Karina Hasbi,5.0,
Martabak Rizky Moro Sekaran,Rizky Moro,3.0,
Martabak Rizky Moro Sekaran,- Xzack -,5.0,
Martabak Rizky Moro Sekaran,Munadi Munadi,5.0,
Martabak Rizky Moro Sekaran,anita rahayu,4.0,
Martabak Rizky Moro Sekaran,Nada Khasnatifani,5.0,
Martabak Rizky Moro Sekaran,Badarudin Udin,1.0,
Martabak Rizky Moro Sekaran,Tika Wahyu,1.0,
Martabak Rizky Moro Sekaran,Phantom Miria,5.0,
Martabak Rizky Moro Sekaran,nurul fitriana,4.0,
Martabak Rizky Moro Sekaran,data3 supiy,5.0,
Martabak Rizky Moro Sekaran,abdul majid,5.0,
Martabak Rizky Moro Sekaran,Aura Fath Aulia Sekarsari,5.0,
Martabak Rizky Moro Sekaran,ullyatus Sa'adah,4.0,
Martabak Rizky Moro Sekaran,Khilya Zakia,5.0,
Martabak Rizky Moro Sekaran,Deni Cahyono,5.0,
Martabak Rizky Moro Sekaran,Hayulungit budiyono,4.0,
Martabak Rizky Moro Sekaran,Khafidhotun Naimah,4.0,
Martabak Rizky Moro Sekaran,Sholihatun Nastiti,5.0,
Martabak Rizky Moro Sekaran,Anisa Rizqi,5.0,
Martabak Rizky Moro Sekaran,alfino soplanit,5.0,
Martabak Sumo Sumurboto Banyumanik,j g,1.0,"I am disappointed. Today's Martabak Sumo is not the one I used to encounter. You should be open to your customers since we have rights to place actions towards any order. I just purchased one chocolate-cheese martabak regular, and it was a terrible product after all. You are so entitled by instructing me some steps how to carry it like a pro when the box didn't properly accommodate the exact dimension. Anyways, I found no plastic glove(s) and tissue inside. I thought there is an outstanding development as you increase the price(s) significantly; you are just about to destroying customers' trust."
Martabak Sumo Sumurboto Banyumanik,Leonardus B. Prabawa,5.0,Nice traditional food with reasonable prices
Martabak Sumo Sumurboto Banyumanik,Riyo Jowo,5.0,Super super promo discountnya ok
Martabak Sumo Sumurboto Banyumanik,Maryanto eko saputro,5.0,MantapğŸ˜ƒğŸ˜„
Martabak Sumo Sumurboto Banyumanik,Albert Parlys,5.0,unique topping ğŸ‘
Martabak Sumo Sumurboto Banyumanik,Abdur Rohman Al Falahi,5.0,Ok
Martabak Sumo Sumurboto Banyumanik,Putri Cahyanti,4.0,Delicious one
Martabak Sumo Sumurboto Banyumanik,Dorotea Santoso,1.0,"(Translated by Google) Terrible service! Not a recommendation. Next time, if you have employees, please pay attention. Don't give up. I ordered peanut chocolate and it was given without nuts. My complaint was even said ""a lot of want"". Critical. (Original) Service parah sekali! Tidak rekomendasi. Lain kali kalau punya pegawai mohon di perhatikan. Bikin kapok aja. Saya order coklat kacang malah dikasi tanpa kacang. Saya complaint malah dikatain ""banyak maunya"". Parah."
Martabak Sumo Sumurboto Banyumanik,Esty Gea,4.0,"(Translated by Google) The variant is quite unique compared to the Bandung cake that is in the area around Tembalang, the price is quite expensive, but the skin and the martabak are soft and tasty, the filling is also plenty, so it's quite acceptable too. Can payments use gopay and there will be 20% cashback so that's ok ... (Original) Variannya cukup unik dibanding kue bandung yang ada di daerah sekitaran tembalang, harganya terbilang cukup mahal tapi kulit dan martabaknya itu lembut dan enak isiannya juga banyak, jadi cukup diterima juga. Bisa pembayaran pake gopay dan kmrn ada cashback 20% jadi lumayanlah.."
Martabak Sumo Sumurboto Banyumanik,Willy Amos,1.0,"(Translated by Google) Janjane Ki, how do you go? Only 1 order, no queuing, 30 min more. But if the boss is Jian, the work is bad (Original) Janjane Ki piye jal.cuman 1 pesanan,antri j gak,30 mnt lbh.tp klo ada bosnya Jian,krjanya dasdesğŸ˜ ğŸ˜ ğŸ˜ "
Martabak Sumo Sumurboto Banyumanik,krist bowo,5.0,"(Translated by Google) Big portions, cheap prices, friendly and fast service.. sweet martabak, thin martabak and egg martabak available.. ğŸ‘ğŸ‘ğŸ‘ğŸ‘ğŸ‘ (Original) Porsi gede, harga murah, pelayanan ramah dan cepat..tersedia martabak manis, martabak tipis dan martabak telor.. ğŸ‘ğŸ‘ğŸ‘ğŸ‘ğŸ‘"
Martabak Sumo Sumurboto Banyumanik,Dianovitasrrr,5.0,"(Translated by Google) Martabak is delicious, lots of topping choices ... Relative price, but if I don't think it is problem ... the problem is that it doesn't feel uncomfortable ğŸ˜€ (Original) Martabaknya enak, banyak pilihan topingnya... Harga relatif, tp klo menurutku gak mslh... soalnya enak gak kecewain rasanya ğŸ˜€"
Martabak Sumo Sumurboto Banyumanik,Allys,5.0,(Translated by Google) The martabak is delicious. There's a lot of toppings. It really tastes like martabak in Jakarta. Not bad n sweet just right. Crispy edges. ï¸ (Original) Martabaknya enak. Topingnya banyak. Bener2 kayak martabak di Jakarta rasanya. Gak bantet n manisnya pas. Crispi pinggirannya. ğŸ–¤
Martabak Sumo Sumurboto Banyumanik,setiawati wiwik,5.0,"(Translated by Google) The martabak is really delicious, the toppings are abundant, there are many different flavors, for the size of the martabak the price is quite expensive, but it's worth it for the taste. (Original) Martabaknya enak banget, topingnya melimpah, banyak aneka rasa, untuk ukuran martabak harganya lumayan mahal, tapi sebanding dengan rasanya."
Martabak Sumo Sumurboto Banyumanik,Cecilia Budiono,5.0,(Translated by Google) Martabak 8 flavors by @martabaksumo_smg directly for the struggle of mama..rey..papa uenak tenan ğŸ˜„ğŸ˜„ğŸ˜„ Sweet Martabak aka bright moon aka cake Bandung 8 flavors idr.75k (Original) Martabak 8 rasa by @martabaksumo_smg langsung buat rebutan mama..rey..papa uenak tenan ğŸ˜„ğŸ˜„ğŸ˜„ Martabak manis aka terang bulan aka kue bandung 8 rasa idr.75k
Martabak Sumo Sumurboto Banyumanik,Aditya Nursasongko,4.0,"(Translated by Google) The martabak is good ... lots of choices too, it's even better if there's a discount, hehe (Original) Martabaknya enak.. banyak pilihan juga, lebih enak lagi kalau ada diskon, hehe"
Martabak Sumo Sumurboto Banyumanik,Irkham Muda,5.0,(Translated by Google) Cool...so...unique...the price is pretty good...but the taste...don't doubt it anymore..... (Original) Keren...banget...unik...harga nya lumayan..sih...tapi rasanya....jangan di ragukan lagi dah.....
Martabak Sumo Sumurboto Banyumanik,Demas Tri Esthi Eka Putra,5.0,"(Translated by Google) The martabak is quite tasty, the price is more expensive compared to other roadside martabak. (Original) Martabaknya cukup enak harganya di banding martabak pinggir jalan lainnya memang lebih mahal."
Martabak Sumo Sumurboto Banyumanik,Rochan,1.0,"(Translated by Google) There are many employees but they ask for forgiveness for a long time, what kind of work is it, it's bad...!!! (Original) Karyawan banyak tapi lamanya minta ampun,kerja apa guyon.parah...!!!"
Martabak Sumo Sumurboto Banyumanik,Budiharyatno Arif Pangestu,5.0,(Translated by Google) The taste of the martabak is very soft and the texture is chewy Outlets are easily found on the roadside (Original) Rasa martabak sangat lembut dan teksturnya kenyal Outlet mudah dijumpai dipinggir jalan
Martabak Sumo Sumurboto Banyumanik,Rafsanjani Saputra,5.0,(Translated by Google) Stay delicious as usual(Original)Tetap enak seperti biasa
Martabak Sumo Sumurboto Banyumanik,ManusiaTanpaGelar,3.0,(Translated by Google) Not bad ... Unfortunately the price is less student hehe. You know what I mean ğŸ˜ (Original) Lumayan lah... Sayang harganya kurang mahasiswa hehe. You know what I mean ğŸ˜
Martabak Sumo Sumurboto Banyumanik,Zahra Fatimah,4.0,(Translated by Google) Sweet martabak with chicken and tebeell with abundant toppings (Original) Martabak manis nyaa enaak dan tebeell dengan topping melimpah
Martabak Sumo Sumurboto Banyumanik,hary prabowo,2.0,"(Translated by Google) The taste of the martabak is standard, there are no special features (Original) Martabak nya rasa nya standar, ngga ada ciri khasnya"
Martabak Sumo Sumurboto Banyumanik,Agus Prasetyo,5.0,(Translated by Google) Martabak which is quite famous in the upper city of Semarang (Original) Martabak yg cukup terkenal di kota atas Semarang
Martabak Sumo Sumurboto Banyumanik,Arvin M. Yafiz,3.0,(Translated by Google) It's pretty viral(Original)Udh lumayan ga viral
Martabak Sumo Sumurboto Banyumanik,Nur Fuad,1.0,(Translated by Google) It's been so long.....(Original)Lama banget ya.....
Martabak Sumo Sumurboto Banyumanik,Shefilla Mega,5.0,(Translated by Google) It feels good (it's really good)(Original)Rasanya mantul (mantap betul)
Martabak Sumo Sumurboto Banyumanik,The Cimul,5.0,(Translated by Google) Special martabak sumo aka big (Original) Spesial martabak sumo alias besar
Martabak Sumo Sumurboto Banyumanik,Yodya Ong,5.0,(Translated by Google) The tipker martabak is delicious!(Original)Martabak tipkernya enak!
Martabak Sumo Sumurboto Banyumanik,galih bogi,5.0,(Translated by Google) Great and delicious taste ..(Original)Rasa mantap dan wenak..
Martabak Sumo Sumurboto Banyumanik,Nova Kurniawan,5.0,(Translated by Google) Great Nice food (Original) Mantap Nice food
Martabak Sumo Sumurboto Banyumanik,didi rossi,5.0,(Translated by Google) Hurry up to order(Original)Cepet jadi pesenannya
Martabak Sumo Sumurboto Banyumanik,I Job Tukang,4.0,(Translated by Google) Be a place to hang out..(Original)Menjadi tempat konkow..
Martabak Sumo Sumurboto Banyumanik,Gita Anjana,5.0,(Translated by Google) Great... steady(Original)Maknyus...mantap
Martabak Sumo Sumurboto Banyumanik,Zanu Triyono,4.0,(Translated by Google) enaaaak(Original)Enaaaak
Martabak Sumo Sumurboto Banyumanik,Indah,5.0,(Translated by Google) Nice(Original)Enak
Martabak Sumo Sumurboto Banyumanik,ANIME ZY (Ozzy),5.0,Joss
Martabak Sumo Sumurboto Banyumanik,Bintoro purbocarito chanel,4.0,(Translated by Google) Nice(Original)Enak
Martabak Sumo Sumurboto Banyumanik,Budi Prast,4.0,(Translated by Google) Reasonable(Original)Lumayan
Martabak Sumo Sumurboto Banyumanik,Taton Kurniawan,5.0,(Translated by Google) delicious(Original)Uenak
Martabak Sumo Sumurboto Banyumanik,Myra andina rosa,5.0,(Translated by Google) Nice(Original)Enak
Martabak Sumo Sumurboto Banyumanik,Septiani maniz90,4.0,
Martabak Sumo Sumurboto Banyumanik,Agus Kurnianto,5.0,
Martabak Sumo Sumurboto Banyumanik,Tifano Sebastian,4.0,
Martabak Sumo Sumurboto Banyumanik,teguh warseto,5.0,
Martabak Sumo Sumurboto Banyumanik,Fardhian F. PRATAMA,5.0,
Martabak Sumo Sumurboto Banyumanik,Muji Slamet,5.0,
Martabak Sumo Sumurboto Banyumanik,Ik Liong,2.0,
Martabak Sumo Sumurboto Banyumanik,Abigel Septiani,4.0,
Martabak Pak Agus,Abid Affandi Wedatama,4.0,Craving for Martabak? Try this stall. Open until almost midnight that serve you Sweet Martabak and the Egg one.
Martabak Pak Agus,ikin solikin,3.0,not bad lah
Martabak Pak Agus,irham fanani,5.0,You can do it for me
Martabak Pak Agus,Yanuar Adi Permana,5.0,"(Translated by Google) When I sprinkled the chocolate beans, I took a photo Don't regret it if you've tried this game with the basic menu, hweeenyaaaaak ğŸ‘ğŸ‘ğŸ‘ğŸ‘ (Original) Pas nabur kacang cokelat nya, aku photoin ğŸ¤£ Jangan nyesel kalo dah pernah nyobain maem yg menu basic ini, hweeenyaaaaak ğŸ¤£ğŸ˜ğŸ‘ğŸ‘ğŸ‘ğŸ‘"
Martabak Pak Agus,kiky syamsi,3.0,"(Translated by Google) Several times treated, a serving of sweet martabak must be eaten together, suitable for those who stay up late with friends, friendly prices ... (Original) Beberapa kali ditraktir, seporsi martabak manisnya harus dimakan bareng-bareng, cocok untuk yang lagi begadang bareng teman, harga bersahabat..."
Martabak Pak Agus,Akhsien Arie,1.0,"(Translated by Google) I think the standard but the way it is presented is very poor, cut the sweet martabak without using the tool but hold it by hand, at the end we don't know what the new cut holds, as a result it doesn't taste good ... (Original) rasa Standar tpi cara penyajianya sangat2 kurang, motong martabak manis gak pake alat bantu tpi di pegang2 dengan tangan,pdhl kita gak tau yg motong baru megang apa,alhasil mau makan jdi gak selera..."
Martabak Pak Agus,Margo Official,5.0,"(Translated by Google) Trying the new service at Martabak, Pak Agus Tirto Agung (Original) Mencoba pelayanan baru di Martabak pak agus tirto agung"
Martabak Pak Agus,patrick burger,4.0,"(Translated by Google) I like the sweet martabak the most because in my opinion Mr. Agus is one of the sellers with a good selling price, the sweet martabak is large and has a lot of filling, the price range is practically right for martabak with a large size and lots of stuffing (Original) saya paling suka martabak manisnya karena menurut saja pak agus merupakan salah satu penjual dengan nilai jual yang baik, martabak manisnya besar dan isiannya banyak, kisaran harga bisa dibilang pas untuk martabak dengan ukuran yg besar dan isiannya banyak ğŸ‘ğŸ’¸ğŸ‘Œ"
Martabak Pak Agus,Erick W,4.0,(Translated by Google) It feels like the contents are thick(Original)Rasanya maknyus isinya tebel
Martabak Pak Agus,zidni ilma,5.0,"(Translated by Google) Positive: the cheapest salty and sweet martabak, tasty and savory, friendly and responsive service, recommended martabak Negative: inadequate waiting place, lack of many variants of the contemporary sweet martabak menu, That is all and thank you (Original) Positif : martabak asin dan manis paling murah, enak dan gurih, pelayanan ramah dan tanggap, recommended martabaknya Negatif : kurang memadai tempat tunggunya, kurang banyak varian menu2 kekinian martabak manisnya, Sekian terimakasih"
Martabak Pak Agus,Dicky Fabro,4.0,(Translated by Google) the martabak is large and delicious (Original) martabaknya besar dan mantab rasanya
Martabak Pak Agus,R prisa R prisa,5.0,(Translated by Google) Friendly service fastfood Selling well Delicious food Food menu The place for selling / carts is clean (Original) Pelayanan ramah cepat saji Jualan laris Makanan enak Menu makanan Tempat jualan / gerobak bersih
Martabak Pak Agus,Gresi Haevy Sanjaya,1.0,"(Translated by Google) Message martabak egg ... egg 2, want to be given egg 1 which has broken in plastic, very unhygienic ... disappointed ... I usually buy at the Banyumanik branch ... but have moved (Original) Pesan martabak telor...yg telor 2,mau dikasih telor 1yg sudah pecah didalam plastik,sangat tidak higenis...kecewa...biasanya saya beli di cabang yg Banyumanik..tapi sudah pindah"
Martabak Pak Agus,Dito Arwanto,5.0,"(Translated by Google) Delicious, solid. The price is 19 thousand for 2 eggs (Original) Enak, mantap. Harga nya 19rb untuk yg 2 telur"
Martabak Pak Agus,Agoes Ryan,5.0,(Translated by Google) MurMerZat... CHEAP MERIAH LEZAAATTTT... (Original) MurMerZat... MURAH MERIAH LEZAAATTTT...
Martabak Pak Agus,Dont CRY,4.0,"(Translated by Google) The martabak is delicious, many flavor variants are also cheap, how come it's delicious all good hehe so I want to buy it again (Original) Martabaknya enak banyak varian rasa harganya juga murah kok enak enak semua hehe jadi pengen beli lagii"
Martabak Pak Agus,Aksa Arc02,5.0,"(Translated by Google) It feels right, delicious and cheap ... top point, it's easier to find, and there is little parking space (Original) Rasanya pas, enak dan murah...top pokoknya, terlebih mudah dicari, dan ada sedikit lahan parkir"
Martabak Pak Agus,wena ervian,5.0,"(Translated by Google) The taste of the food is good, the price is affordable, the place is clean (Original) Rasa makanan nya enak, harga terjangkau, tempat bersih"
Martabak Pak Agus,Moch Ichwan,5.0,"(Translated by Google) Delicious Bandung cake, soft textured mantaf, affordable prices (Original) Kue bandung lezat, mantaf bertekstur lembut, harga terjangkau"
Martabak Pak Agus,Muhammad Khoiron,4.0,"(Translated by Google) Standard, okay(Original)Standar, lumayan lah"
Martabak Pak Agus,Yoo K,4.0,(Translated by Google) Pretty good and cheap(Original)Cukup enak dan murah
Martabak Pak Agus,Darwis Fahrezy,4.0,"(Translated by Google) It tastes pretty good, but the pukis is rare (Original) Cukup enak rasanya, tp pukisnya jarang ada"
Martabak Pak Agus,Hasyir Asa,4.0,"(Translated by Google) Great, the price is a little expensive from the others (Original) Mantap, harga sedikit mahal dr yg lain"
Martabak Pak Agus,Slamet Sutomo,4.0,(Translated by Google) Very affordable and delicious......ğŸ˜… (Original) Sangat terjangkau dan enk......ğŸ˜…
Martabak Pak Agus,Viva Rosiyana,4.0,"(Translated by Google) Prices are still normal or average, it's nice too hehe (Original) Harga masih normal atau rata2, enakk juga sii hehe"
Martabak Pak Agus,Anita Cahyasari,5.0,"(Translated by Google) not boring, delicious tenan(Original)ndak ngebosenin enak tenan"
Martabak Pak Agus,Md md,5.0,"(Translated by Google) It's delicious, guys(Original)Enak se x gaes"
Martabak Pak Agus,Zumron Mugiyono,5.0,"(Translated by Google) The chocolate peanuts are delicious & savory, (Original) Coklat kacangnya enak & gurih,"
Martabak Pak Agus,hary prabowo,5.0,(Translated by Google) The waiters are friendly(Original)Pelayan nya ramah
Martabak Pak Agus,Sintia risti,5.0,(Translated by Google) Martabak is delicious(Original)Martabaknya enak
Martabak Pak Agus,belom aman,5.0,(Translated by Google) It's cheap again(Original)Enak murah lagi
Martabak Pak Agus,Satria,5.0,(Translated by Google) Mantul is the point(Original)Mantul deh pokoknya
Martabak Pak Agus,Sinta Adhelia,5.0,(Translated by Google) Lots of chocolate(Original)Coklatnya banyak
Martabak Pak Agus,suhono kandri,4.0,(Translated by Google) Culinary near Kreo(Original)Kuliner dekat kreo
Martabak Pak Agus,Doni Riadi Embunpagi,5.0,(Translated by Google) Mantapp was great(Original)Mantapp rasanya
Martabak Pak Agus,Ryan Bayu,5.0,jossss
Martabak Pak Agus,Devika Wardhani,5.0,(Translated by Google) The martabak is yummy(Original)Martabaknya yummy
Martabak Pak Agus,White Angel 297,5.0,(Translated by Google) Good taste(Original)Rasa lumayan
Martabak Pak Agus,Ananda Sintawati,5.0,(Translated by Google) Okay(Original)Oke
Martabak Pak Agus,Tri Hastuty,5.0,(Translated by Google) Enjoyment(Original)Nikmat
Martabak Pak Agus,Iin Santoso,4.0,(Translated by Google) great(Original)Mantab
Martabak Pak Agus,Arif Hartadi,5.0,(Translated by Google) Nice(Original)Enak
Martabak Pak Agus,Weex Jaifa,3.0,(Translated by Google) Nice(Original)Enak
Martabak Pak Agus,Moh. Fitroh Kharismawan,5.0,Ntap
Martabak Pak Agus,Mayang,5.0,(Translated by Google) Nice(Original)Enak
Martabak Pak Agus,The Cimul,5.0,Lazis
Martabak Pak Agus,Briant Saja,5.0,(Translated by Google) Makuuusss(Original)Mak nyuuusss
Martabak Pak Agus,Wawan1 0937,5.0,
Martabak Pak Agus,Dena Surya Pratama,5.0,
Martabak Pak Agus,Nurannisa Nusantara,5.0,
Kue Bandung & Martabak Telor Setiabudi,Agung Al Amin,5.0,Good
Kue Bandung & Martabak Telor Setiabudi,Arga Tissana,5.0,nice service
Kue Bandung & Martabak Telor Setiabudi,junita tya,5.0,"(Translated by Google) The request was the same as sweet martabak. So it is possible for every supermarket to buy wkwk, but the one here is good too, friendly prices queued up not too long. The chocolate that you made made you guys ... (Original) Secinta itu sama martabak manis. Jadi bisa tuh setiap malem beli wkwk tapi yang disini enak juga kok, harga bersahabat antri ngga terlalu lama. Coklat kejunya itu lo yang bikin nangihhhh guys.."
Kue Bandung & Martabak Telor Setiabudi,Cing & Ochim,5.0,"(Translated by Google) The martabak & cake bandung are really topnotch. Make it fast, don't have to wait long (Original) Martabak & kue bandungnya emang jempolan. Buatnya juga cepet gak usah nunggu lama"
Kue Bandung & Martabak Telor Setiabudi,Ia Disyariza Firdian,4.0,(Translated by Google) The taste is actually good. It just changes a lot. (Original) Rasanya sebenarnya enak. Cuma sering berubah-ubah.
Kue Bandung & Martabak Telor Setiabudi,muhammad jahuririzki,5.0,(Translated by Google) Delicious and cheap(Original)Enak dan murah
Kue Bandung & Martabak Telor Setiabudi,Eri Werox,3.0,(Translated by Google) Snack since childhood. It's still in the tongue (Original) Jajanan sedari kecil. Masih masuk lah di lidah
Kue Bandung & Martabak Telor Setiabudi,melon murdock 13,3.0,(Translated by Google) It's good(Original)Enak sih
Kue Bandung & Martabak Telor Setiabudi,Didik Riwadi,5.0,(Translated by Google) It's delicious(Original)Enak bngt
Kue Bandung & Martabak Telor Setiabudi,Jadmiko,3.0,(Translated by Google) Cool(Original)Sejuk
Kue Bandung & Martabak Telor Setiabudi,Zanya Seva,5.0,(Translated by Google) Nice(Original)Enak
Kue Bandung & Martabak Telor Setiabudi,Elis W,5.0,
Kue Bandung & Martabak Telor Setiabudi,Segond Teguh,5.0,
Kue Bandung & Martabak Telor Setiabudi,wawan lutfi,5.0,
Kue Bandung & Martabak Telor Setiabudi,Ilham Algani,1.0,
Kue Bandung & Martabak Telor Setiabudi,Aji setiyoko,5.0,
Kue Bandung & Martabak Telor Setiabudi,Rinaldi Suhardiono,5.0,
Kue Bandung & Martabak Telor Setiabudi,Tya Praditya,4.0,
Kue Bandung & Martabak Telor Setiabudi,M Yuki,2.0,
Kue Bandung & Martabak Telor Setiabudi,Rochan,5.0,
Kue Bandung & Martabak Telor Setiabudi,Yudhis Tats,5.0,
Kue Bandung & Martabak Telor Setiabudi,mochammad ismail,4.0,
Kue Bandung & Martabak Telor Setiabudi,ArtoSeto Karya Media,5.0,
Kue Bandung & Martabak Telor Setiabudi,Driver Gojek,5.0,
Kue Bandung & Martabak Telor Setiabudi,Anga Juned Pictures,5.0,
Kue Bandung & Martabak Telor Setiabudi,Transisca Esma Hendrayani,5.0,
Kue Bandung & Martabak Telor Setiabudi,Muhammad Wahyudi,5.0,
Kue Bandung & Martabak Telor Setiabudi,naelafadhila,4.0,
Kue Bandung & Martabak Telor Setiabudi,widiarso widi,5.0,
Kue Bandung & Martabak Telor Setiabudi,Wara Kusumahati,5.0,
Kue Bandung & Martabak Telor Setiabudi,Dip computer,4.0,
Kue Bandung & Martabak Telor Setiabudi,Desi Ashari,5.0,
Kue Bandung & Martabak Telor Setiabudi,Tya Cantik,5.0,
Kue Bandung & Martabak Telor Setiabudi,Muh Naufal Fauzi,5.0,
Kue Bandung & Martabak Telor Setiabudi,Krisna Hidayatullah,4.0,
Kue Bandung & Martabak Telor Setiabudi,Andi Nagara,4.0,
Kue Bandung & Martabak Telor Setiabudi,afwan topek,5.0,
Kue Bandung & Martabak Telor Setiabudi,Rahmatul Yoki Ajra,5.0,
Kue Bandung & Martabak Telor Setiabudi,ayu adell,5.0,
Kue Bandung & Martabak Telor Setiabudi,Cakra Sanitya,5.0,
Kue Bandung & Martabak Telor Setiabudi,Maritza Shafira,5.0,
Kue Bandung & Martabak Telor Setiabudi,Ananda Sintawati,5.0,
Kue Bandung & Martabak Telor Setiabudi,Sulistiyo Tiyo,5.0,
Kue Bandung & Martabak Telor Setiabudi,Muji Slamet,5.0,
Kue Bandung & Martabak Telor Setiabudi,latiffa dika,4.0,
Kue Bandung & Martabak Telor Setiabudi,Fauziah Noviatin,3.0,
Kue Bandung & Martabak Telor Setiabudi,Lukas B A,5.0,
Kue Bandung & Martabak Telor Setiabudi,Agung Handoyo,5.0,
Kue Bandung & Martabak Telor Setiabudi,Alim Maskur,4.0,
Kue Bandung & Martabak Telor Setiabudi,Farisatul Sabila,5.0,
Martabak dan Kue Bandung 7 Saudara,Indra Prayoga,5.0,Nice
Martabak dan Kue Bandung 7 Saudara,AmySidra,5.0,Recommended
Martabak dan Kue Bandung 7 Saudara,mahanthatito ardhianto,5.0,Ok
Martabak dan Kue Bandung 7 Saudara,by MAV,5.0,"(Translated by Google) Milk chocolate martabak : 5/5. Maknyuuuss. When bitten, soft, the topping melts in the mouth. The chocolate is not stupid. Martabak Eggs: 4.5/5. Crispy fried, I like it. But there is a sense of over-seasoning, I don't know what it is, but it smells like spices. But it's not delicious. Order 2 menus: 22,000 (via shopeefood - use promo). (Original) Martabak coklat susu : 5/5. Maknyuuuss. Pas digigit, lembut, toping lumer di mulut. Coklatnya bukan yang abal2. Martabak telor : 4,5/5. Digorengnya kriuk, aku suka. Tapi ada rasa bumbu yang over, aku gak tau itu bumbu apa tapi bau rempah gitu. Tapi ttp aja enak kok. Pesan 2 menu : 22.000 (via shopeefood - pakai promo)."
Martabak dan Kue Bandung 7 Saudara,Raulendhi Fauzanna,5.0,"(Translated by Google) One of the sellers of martabak eggs and cakes in Bandung at UNNES It is located next to Graha Wiyata Patemon. Open from afternoon until dawn, the right choice if at 11 pm you want to buy martabak. The packaging is neat. You can also order delivery, just send WhatsApp to the seller's number. But specifically for this, it seems that there is a minimum of how many messages. The price is also cheap and competitive with other sellers. For sweet martabak or cakes from Bandung, I don't think the dough is thick, so once you eat one serving, it doesn't make you feel bad. (Original) Salah satu penjual martabak telor dan kue bandung di UNNES Letaknya di samping Graha Wiyata Patemon. Buka dari sore sampai dinihari, pilihan yang tepat kalau jam 11 malam lebih pengen beli martabak. Packagingnya rapi. Bisa pesan antar juga loh, tinggal kirim WhatsApp ke nomor penjualnya. Tapi khusus ini, sepertinya ada minimal pesan berapa gitu. Harganya juga murah dan kompetitif dengan penjual lainnya. Untuk martabak manis atau kue bandung, menurut saya adonannya gak eneg, jadi sekali makan langsung habis satu porsi gak bikin eneg"
Martabak dan Kue Bandung 7 Saudara,Anwar Ahmad,5.0,"(Translated by Google) I thought it was closed, apparently it just moved across from it, next to the laundry room (Original) Kirain tutup ,, ternyata cuma pindah di seberangnya aja,,samping graha loundry"
Martabak dan Kue Bandung 7 Saudara,Melati Anggenyu,5.0,"(Translated by Google) In my opinion, the most delicious martabak Se Unnes, really recommended ğŸ‘ (Original) Menurut ku martabak terenak Se Unnes si .. recommended sekali ğŸ‘"
Martabak dan Kue Bandung 7 Saudara,Hestu Sastrowardoyo,5.0,"(Translated by Google) Good service, great taste.. according to taste.. recommended (Original) Pelayanan bagus rasa mantap.. sesuai selera.. recommended"
Martabak dan Kue Bandung 7 Saudara,Amzah Hariaji,5.0,"(Translated by Google) It tastes good, the martabak is big (Original) Rasanya enak,martabaknya besarÂ²"
Martabak dan Kue Bandung 7 Saudara,Umar Sidik,5.0,(Translated by Google) The price-friendly seller is right in the bag of students ... ğŸ‘ (Original) Penjualnya ramah harganya pas di kantong pelajar.. ğŸ‘
Martabak dan Kue Bandung 7 Saudara,Habib Romi,5.0,"(Translated by Google) Good taste, chewy texture (not mushy from too much water) (Original) Rasanya enak, teksturnya kenyal (tidak lembek karena kebanyakan air)"
Martabak dan Kue Bandung 7 Saudara,Asik Munasik,5.0,(Translated by Google) Great martabak 7 brothers are really delicious (Original) Mantap martabak 7saudara wenak banget
Martabak dan Kue Bandung 7 Saudara,gloria saraswati putri,5.0,(Translated by Google) The taste is good but there is no sauce for the egg martabak (Original) Rasa nya enak tapi tidak ada kuah utk martabak telornya
Martabak dan Kue Bandung 7 Saudara,Khaeri Rozaq,5.0,"(Translated by Google) Jere people, the price of the people is noble ğŸ˜Š (Original) Jere wong, harga rakyat rasa ningrat ğŸ˜Š"
Martabak dan Kue Bandung 7 Saudara,Ganang widhi Wibowo,4.0,(Translated by Google) Ciamix feels like it(Original)Ciamix rasanya
Martabak dan Kue Bandung 7 Saudara,Ahmad Nurkhin,5.0,(Translated by Google) Nice taste(Original)Nyuss rasanya
Martabak dan Kue Bandung 7 Saudara,Kella Panih binarto,5.0,(Translated by Google) It's a good way to trade hard-earned people with money and money to buy them. (Original) Enak om sg dagang wong tegal laka laka gadi rasane ya laka laka wes tuku ra bakal nyesel bakale pengen nmbah
Martabak dan Kue Bandung 7 Saudara,sugeng apriadi,5.0,"(Translated by Google) You can order first by phone, it's great (Original) Bisa pesan dulu by phone, mantapp"
Martabak dan Kue Bandung 7 Saudara,Tarisno,5.0,(Translated by Google) It feels good. The price is cheap too. Great anyway. (Original) Rasanya enak. Harganya murah juga. Mantap pokoknya.
Martabak dan Kue Bandung 7 Saudara,Hery Setiyawan,5.0,"(Translated by Google) Nice. Sweet. When you stand in line, you have to be patient (Original) Enak. Manis. Pas antre harus sabar ya"
Martabak dan Kue Bandung 7 Saudara,lutfi,5.0,(Translated by Google) The best milk chocolate martabak isn't it? (Original) martabak coklat susu the best lah ga enegg
Martabak dan Kue Bandung 7 Saudara,Sulis Saktiawan,5.0,(Translated by Google) The most delicious compared to other martabak diunnes (Original) Paling enak dibanding martabak lain yg diunnes
Martabak dan Kue Bandung 7 Saudara,Dani Pratama,5.0,(Translated by Google) It's good to taste it right for the snacks for prospective in-laws (Original) Enak rasa nya harnya mumer pas buat jajanan buat calon mertua
Martabak dan Kue Bandung 7 Saudara,Gendut Racing,5.0,(Translated by Google) Good .... bakule is kind ... often given free (Original) Mantul....bakule baik hati..sering di kasih gratisan
Martabak dan Kue Bandung 7 Saudara,WC Wali Comedy,5.0,"(Translated by Google) The food is delicious, the seller is friendly (Original) Makanan nya enak penjual jya ramah"
Martabak dan Kue Bandung 7 Saudara,Dzaky Dzaky,5.0,(Translated by Google) Really good(Original)Mantul
Martabak dan Kue Bandung 7 Saudara,Rizki San,4.0,(Translated by Google) Less salty a little(Original)Kurang asin dikit
Martabak dan Kue Bandung 7 Saudara,Temo Ferdian,3.0,"(Translated by Google) If you make an authentic egg martabak, it's a bit burnt. (Original) Kalau bikin martabak telur indentik agak gosong."
Martabak dan Kue Bandung 7 Saudara,Umar Sidik,5.0,(Translated by Google) Yummy(Original)Enakk
Martabak dan Kue Bandung 7 Saudara,Faiqi Nabil,5.0,
Martabak dan Kue Bandung 7 Saudara,Dal ter,4.0,"(Translated by Google) Not so sure, but delicious(Original)Tidak begitu yakin, tapi enak"
Martabak dan Kue Bandung 7 Saudara,Taufikkun S,4.0,(Translated by Google) Sweet and decent martabak (Original) Martabak yang manis dan lumayan
Martabak dan Kue Bandung 7 Saudara,T Sam,5.0,"(Translated by Google) Delicious, cheap, polite(Original)Enak, murah, santuunn"
Martabak dan Kue Bandung 7 Saudara,Faisal Riza Rahman,5.0,(Translated by Google) Nice(Original)Enak
Martabak dan Kue Bandung 7 Saudara,Khabib Zakky,5.0,(Translated by Google) Great(Original)Mantap
Martabak dan Kue Bandung 7 Saudara,Ade Falah,4.0,(Translated by Google) Order fast(Original)Order cepat
Martabak dan Kue Bandung 7 Saudara,Andi Purwoyuwono,5.0,(Translated by Google) It's delicious(Original)Enak mantap
Martabak dan Kue Bandung 7 Saudara,Qurrota Ayu Neina,5.0,(Translated by Google) Nice(Original)Enak
Martabak dan Kue Bandung 7 Saudara,Aji Sasongko,5.0,(Translated by Google) Delicious food(Original)Makanan enak
Martabak dan Kue Bandung 7 Saudara,Sulis Saktiawan,5.0,(Translated by Google) The most delicious martabak in Unnes(Original)Martabak paling enak di Unnes
Martabak dan Kue Bandung 7 Saudara,Soleh Santoso,5.0,(Translated by Google) Great..delecius(Original)Mantap..delecius
Martabak dan Kue Bandung 7 Saudara,hanip pespa,5.0,(Translated by Google) Really good(Original)Mantul
Martabak dan Kue Bandung 7 Saudara,imam fadoli,5.0,(Translated by Google) Cheap delicious(Original)Enak murah
Martabak dan Kue Bandung 7 Saudara,Londo Okey,5.0,mayan
Martabak dan Kue Bandung 7 Saudara,Fian Fandanu,5.0,(Translated by Google) Great(Original)Mantap
Martabak dan Kue Bandung 7 Saudara,Pur Wono,5.0,
Martabak dan Kue Bandung 7 Saudara,Kaisar Akhmad,4.0,
Martabak dan Kue Bandung 7 Saudara,DARREL TOUR&TRAVEL,5.0,
Martabak dan Kue Bandung 7 Saudara,haryo bintang,5.0,
Martabak dan Kue Bandung 7 Saudara,Wikwik Ahh,5.0,
